{"WorkSheetComment":[{"Row":2,"Column":"B","CellComment":[{"Text":"n37","Author":"Sean Landmann","Index":0}],"Type":"threaded"},{"Row":9,"Column":"F","CellComment":[{"Text":"e55 comment","Author":"Sean Landmann","Index":0},{"Text":"some reply","Author":"Sean Landmann","Index":1},{"Text":"re: reply","Author":"Sean Landmann","Index":2}],"Type":"threaded"},{"Row":33,"Column":"F","CellComment":[{"Text":"e55 comment","Author":"Sean Landmann","Index":0},{"Text":"some reply","Author":"Sean Landmann","Index":1},{"Text":"re: reply","Author":"Sean Landmann","Index":2}],"Type":"threaded"}]}