{"Sheets":[{"Name":"Sheet100","Index":1,"RowCount":861,"Charts":[],"Pictures":[{"Name":"Picture 2","ImageName":"picture-8f59930d680a4754aec965792417c632.jpeg","UpperLeftRow":14,"UpperLeftColumn":2,"LowerRightRow":37,"LowerRightColumn":14}],"IsHFDiffFirst":false,"IsHFDiffOddEven":false,"Header":{"FirstPageHeader":{"Left":"","Center":"","Right":""},"EvenPageHeader":{"Left":"","Center":"","Right":""},"HeaderText":{"Left":"","Center":"x100 n37 y32 k52 x99 e55 m33 p66","Right":""}},"Footer":{"FirstPageFooter":{"Left":"","Center":"","Right":""},"EvenPageFooter":{"Left":"","Center":"","Right":""},"FooterText":{"Left":"","Center":"x100 n37 y32 k52 x99 e55 m33 p66","Right":""}}},{"Name":"Sheet500","Index":2,"RowCount":50,"Charts":[],"Pictures":[],"IsHFDiffFirst":false,"IsHFDiffOddEven":false,"Header":{"FirstPageHeader":{"Left":"","Center":"","Right":""},"EvenPageHeader":{"Left":"","Center":"","Right":""},"HeaderText":{"Left":"ltest","Center":"ct","Right":"rt"}},"Footer":{"FirstPageFooter":{"Left":"","Center":"","Right":""},"EvenPageFooter":{"Left":"","Center":"","Right":""},"FooterText":{"Left":"lf","Center":"cf","Right":"rf"}}},{"Name":"Sheet1000","Index":3,"RowCount":100,"Charts":[{"Name":"Chart 1","ImageName":"chart-7d17077d72794e9dbc9be59f2e95d1dd.png","UpperLeftRow":48,"UpperLeftColumn":11,"LowerRightRow":62,"LowerRightColumn":19}],"Pictures":[{"Name":"Picture 2","ImageName":"picture-e64c41c5cbd0462ca9500b2b2c8cbec9.jpeg","UpperLeftRow":103,"UpperLeftColumn":2,"LowerRightRow":130,"LowerRightColumn":14},{"Name":"Picture 4","ImageName":"picture-2b6b8646247c4ca786bfb7ebd879ca74.jpeg","UpperLeftRow":5,"UpperLeftColumn":12,"LowerRightRow":18,"LowerRightColumn":17},{"Name":"Picture 6","ImageName":"picture-145fc4d7963143d78f9a7ecc33c92ef9.png","UpperLeftRow":21,"UpperLeftColumn":12,"LowerRightRow":35,"LowerRightColumn":19}],"IsHFDiffFirst":false,"IsHFDiffOddEven":false,"Header":{"FirstPageHeader":{"Left":"","Center":"","Right":""},"EvenPageHeader":{"Left":"","Center":"","Right":""},"HeaderText":{"Left":"","Center":"","Right":""}},"Footer":{"FirstPageFooter":{"Left":"","Center":"","Right":""},"EvenPageFooter":{"Left":"","Center":"","Right":""},"FooterText":{"Left":"","Center":"","Right":""}}},{"Name":"SheetEmpty1","Index":4,"RowCount":0,"Charts":[{"Name":"Chart 1","ImageName":"chart-9e472ede70074a219751773b1f5c6694.png","UpperLeftRow":4,"UpperLeftColumn":1,"LowerRightRow":36,"LowerRightColumn":15}],"Pictures":[],"IsHFDiffFirst":false,"IsHFDiffOddEven":false,"Header":{"FirstPageHeader":{"Left":"","Center":"","Right":""},"EvenPageHeader":{"Left":"","Center":"","Right":""},"HeaderText":{"Left":"","Center":"","Right":""}},"Footer":{"FirstPageFooter":{"Left":"","Center":"","Right":""},"EvenPageFooter":{"Left":"","Center":"","Right":""},"FooterText":{"Left":"","Center":"","Right":""}}},{"Name":"Sheet2000","Index":5,"RowCount":200,"Charts":[],"Pictures":[],"IsHFDiffFirst":false,"IsHFDiffOddEven":false,"Header":{"FirstPageHeader":{"Left":"","Center":"","Right":""},"EvenPageHeader":{"Left":"","Center":"","Right":""},"HeaderText":{"Left":"","Center":"longheaderlongheaderlongheaderlongheaderlongheaderlongheaderlongheader","Right":""}},"Footer":{"FirstPageFooter":{"Left":"","Center":"","Right":""},"EvenPageFooter":{"Left":"","Center":"","Right":""},"FooterText":{"Left":"","Center":"","Right":""}}},{"Name":"Sheet3000","Index":6,"RowCount":301,"Charts":[],"Pictures":[],"IsHFDiffFirst":false,"IsHFDiffOddEven":false,"Header":{"FirstPageHeader":{"Left":"","Center":"","Right":""},"EvenPageHeader":{"Left":"","Center":"","Right":""},"HeaderText":{"Left":"","Center":"","Right":""}},"Footer":{"FirstPageFooter":{"Left":"","Center":"","Right":""},"EvenPageFooter":{"Left":"","Center":"","Right":""},"FooterText":{"Left":"","Center":"longfooterlongfooterlongfooterlongfooterlongfooterlongfooter","Right":""}}},{"Name":"Sheet4000","Index":7,"RowCount":400,"Charts":[],"Pictures":[],"IsHFDiffFirst":false,"IsHFDiffOddEven":false,"Header":{"FirstPageHeader":{"Left":"","Center":"","Right":""},"EvenPageHeader":{"Left":"","Center":"","Right":""},"HeaderText":{"Left":"","Center":"","Right":""}},"Footer":{"FirstPageFooter":{"Left":"","Center":"","Right":""},"EvenPageFooter":{"Left":"","Center":"","Right":""},"FooterText":{"Left":"","Center":"","Right":""}}},{"Name":"Sheet5000","Index":8,"RowCount":500,"Charts":[],"Pictures":[],"IsHFDiffFirst":false,"IsHFDiffOddEven":false,"Header":{"FirstPageHeader":{"Left":"","Center":"","Right":""},"EvenPageHeader":{"Left":"","Center":"","Right":""},"HeaderText":{"Left":"","Center":"","Right":""}},"Footer":{"FirstPageFooter":{"Left":"","Center":"","Right":""},"EvenPageFooter":{"Left":"","Center":"","Right":""},"FooterText":{"Left":"","Center":"","Right":""}}},{"Name":"Sheet10000","Index":9,"RowCount":1000,"Charts":[],"Pictures":[{"Name":"Picture 2","ImageName":"picture-e63878f4dc6a403ba3f379a8b25b88db.jpeg","UpperLeftRow":41,"UpperLeftColumn":13,"LowerRightRow":68,"LowerRightColumn":25}],"IsHFDiffFirst":false,"IsHFDiffOddEven":false,"Header":{"FirstPageHeader":{"Left":"","Center":"","Right":""},"EvenPageHeader":{"Left":"","Center":"","Right":""},"HeaderText":{"Left":"x100 n37 y32 k52 x99 e55 m33 p66","Center":"","Right":""}},"Footer":{"FirstPageFooter":{"Left":"","Center":"","Right":""},"EvenPageFooter":{"Left":"","Center":"","Right":""},"FooterText":{"Left":"","Center":"","Right":"x100 n37 y32 k52 x99 e55 m33 p66"}}}],"PreFlight":{"HasMacros":false,"HasExternalLinks":true,"HasHyperLinks":false,"HasShapes":false,"HasFormula":false,"HasBlankRows":true,"HasBlankColumns":false,"FlattenQueryTables":false,"HasProtection":true,"HasBackgroundImages":false,"HasOleObjects":false,"HasScenarios":false,"HasSparklines":false,"HasHiddenSheets":false,"HasRevisions":false,"HasMergedCells":false,"FlattenPivotTables":false},"LoadMarkup":null,"ReadOnly":null,"DocumentId":null}