{"Sheets":[{"Name":"Sheet2","Index":1,"RowCount":10877,"ColumnCount":11,"Charts":[],"Pictures":[],"IsHFDiffFirst":false,"IsHFDiffOddEven":false,"Header":{"FirstPageHeader":{"Left":"","Center":"","Right":""},"EvenPageHeader":{"Left":"","Center":"","Right":""},"HeaderText":{"Left":"","Center":"","Right":""}},"Footer":{"FirstPageFooter":{"Left":"","Center":"","Right":""},"EvenPageFooter":{"Left":"","Center":"","Right":""},"FooterText":{"Left":"","Center":"","Right":""}}},{"Name":"Sheet1","Index":2,"RowCount":30833,"ColumnCount":21,"Charts":[],"Pictures":[],"IsHFDiffFirst":false,"IsHFDiffOddEven":false,"Header":{"FirstPageHeader":{"Left":"","Center":"","Right":""},"EvenPageHeader":{"Left":"","Center":"","Right":""},"HeaderText":{"Left":"","Center":"","Right":""}},"Footer":{"FirstPageFooter":{"Left":"","Center":"","Right":""},"EvenPageFooter":{"Left":"","Center":"","Right":""},"FooterText":{"Left":"","Center":"","Right":""}}}],"PreFlight":{"HasMacros":false,"HasExternalLinks":false,"HasHyperLinks":false,"HasShapes":false,"HasFormula":true,"HasBlankRows":false,"HasBlankColumns":true,"FlattenQueryTables":false,"HasProtection":false,"HasBackgroundImages":false,"HasOleObjects":false,"HasScenarios":false,"HasSparklines":false,"HasHiddenSheets":false,"HasRevisions":true,"HasMergedCells":false,"FlattenPivotTables":true,"HasHeaderCommands":false,"HasFooterCommands":false},"LoadMarkup":null,"ReadOnly":null,"DocId":null,"Author":null}